"","Course.ID","Free.Paid","Level","Rating","Subject","Language"
"828",19421,"Free","All Levels",2,"Musical Instruments","English"
"829",238934,"Paid","Beginner Level",1,"Musical Instruments","Spanish"
"830",41884,"Free","All Levels",2,"Musical Instruments","Spanish"
"831",42271,"Paid","All Levels",1,"Musical Instruments","French"
"832",26956,"Paid","All Levels",4,"Musical Instruments","German"
"833",456284,"Paid","All Levels",5,"Musical Instruments","German"
"834",583752,"Free","All Levels",2,"Musical Instruments","Hindi"
"835",59922,"Paid","All Levels",2,"Musical Instruments","English"
"836",198690,"Free","Beginner Level",2,"Musical Instruments","French"
"837",484670,"Paid","Intermediate Level",3,"Musical Instruments","German"
"838",953152,"Paid","Expert Level",4,"Musical Instruments","Hindi"
"839",1191750,"Free","Intermediate Level",4,"Musical Instruments","German"
"840",645202,"Free","Intermediate Level",1,"Musical Instruments","French"
"841",200598,"Paid","Beginner Level",5,"Musical Instruments","French"
"842",101496,"Free","All Levels",2,"Musical Instruments","French"
"843",99324,"Free","Beginner Level",1,"Musical Instruments","Hindi"
"844",1132342,"Paid","All Levels",3,"Musical Instruments","English"
"845",194692,"Paid","Intermediate Level",3,"Musical Instruments","German"
"846",76524,"Paid","All Levels",2,"Musical Instruments","Spanish"
"847",409818,"Free","Intermediate Level",4,"Musical Instruments","Hindi"
"848",517148,"Paid","All Levels",3,"Musical Instruments","Spanish"
"849",824044,"Free","Beginner Level",1,"Musical Instruments","German"
"850",1052180,"Paid","All Levels",5,"Musical Instruments","English"
"851",65033,"Paid","Beginner Level",2,"Musical Instruments","French"
"852",315576,"Free","Intermediate Level",1,"Musical Instruments","French"
"853",364716,"Free","Beginner Level",4,"Musical Instruments","English"
"854",967380,"Paid","All Levels",3,"Musical Instruments","English"
"855",1032864,"Paid","Beginner Level",1,"Musical Instruments","Hindi"
"856",555340,"Free","All Levels",3,"Musical Instruments","Spanish"
"857",574974,"Paid","All Levels",4,"Musical Instruments","French"
"858",1105794,"Free","Beginner Level",3,"Musical Instruments","Spanish"
"859",1229488,"Paid","Beginner Level",5,"Musical Instruments","German"
"860",566678,"Paid","All Levels",5,"Musical Instruments","Spanish"
"861",501412,"Paid","All Levels",1,"Musical Instruments","German"
"862",696630,"Free","All Levels",5,"Musical Instruments","English"
"863",286070,"Free","All Levels",4,"Musical Instruments","French"
"864",681692,"Paid","All Levels",1,"Musical Instruments","French"
"865",206088,"Paid","All Levels",4,"Musical Instruments","Spanish"
"866",687248,"Paid","Beginner Level",5,"Musical Instruments","French"
"867",955914,"Free","All Levels",2,"Musical Instruments","Spanish"
"868",658276,"Paid","Beginner Level",1,"Musical Instruments","German"
"869",762374,"Free","All Levels",1,"Musical Instruments","German"
"870",648506,"Paid","Beginner Level",4,"Musical Instruments","Hindi"
"871",666322,"Paid","Intermediate Level",1,"Musical Instruments","Hindi"
"872",198660,"Free","Beginner Level",2,"Musical Instruments","French"
"873",385684,"Free","All Levels",4,"Musical Instruments","German"
"874",1029440,"Paid","Beginner Level",5,"Musical Instruments","German"
"875",1098994,"Paid","Beginner Level",4,"Musical Instruments","German"
"876",288942,"Paid","Beginner Level",3,"Musical Instruments","Spanish"
"877",105350,"Paid","Beginner Level",1,"Musical Instruments","English"
"878",1034414,"Free","All Levels",4,"Musical Instruments","German"
"879",476324,"Paid","All Levels",4,"Musical Instruments","English"
"880",521440,"Free","Beginner Level",4,"Musical Instruments","English"
"881",476988,"Paid","All Levels",4,"Musical Instruments","English"
"882",521072,"Paid","Expert Level",4,"Musical Instruments","German"
"883",983418,"Paid","Beginner Level",1,"Musical Instruments","Spanish"
"884",749686,"Paid","Beginner Level",5,"Musical Instruments","Hindi"
"885",20387,"Paid","Beginner Level",4,"Musical Instruments","English"
"886",806638,"Free","Beginner Level",1,"Musical Instruments","Spanish"
"887",807934,"Free","Beginner Level",2,"Musical Instruments","French"
"888",288854,"Free","All Levels",1,"Musical Instruments","German"
"889",873386,"Free","All Levels",4,"Musical Instruments","Spanish"
"890",970880,"Paid","All Levels",NA,"Musical Instruments","Spanish"
"891",138228,"Paid","Beginner Level",1,"Musical Instruments","Spanish"
"892",647338,"Paid","All Levels",5,"Musical Instruments","English"
"893",422546,"Paid","All Levels",2,"Musical Instruments","English"
"894",782430,"Paid","All Levels",2,"Musical Instruments","Spanish"
"895",51752,"Paid","Beginner Level",3,"Musical Instruments","Hindi"
"896",311530,"Paid","Intermediate Level",3,"Musical Instruments","French"
"897",1116196,"Free","Beginner Level",5,"Musical Instruments","German"
"898",659918,"Paid","Beginner Level",5,"Musical Instruments","Hindi"
"899",1003568,"Paid","Beginner Level",2,"Musical Instruments","English"
"900",515256,"Paid","Beginner Level",1,"Musical Instruments","Hindi"
"901",1119092,"Paid","Beginner Level",1,"Musical Instruments","English"
"902",961630,"Free","Beginner Level",4,"Musical Instruments","Spanish"
"903",907966,"Paid","Beginner Level",1,"Musical Instruments","German"
"904",1123250,"Paid","Beginner Level",NA,"Musical Instruments","German"
"905",1122832,"Paid","Beginner Level",4,"Musical Instruments","Spanish"
"906",1123184,"Paid","All Levels",2,"Musical Instruments","Hindi"
"907",551170,"Paid","All Levels",5,"Musical Instruments","Hindi"
"908",1111630,"Paid","Beginner Level",3,"Musical Instruments","Spanish"
"909",646906,"Paid","All Levels",5,"Musical Instruments","French"
"910",778682,"Paid","All Levels",4,"Musical Instruments","Hindi"
"911",353224,"Paid","Beginner Level",2,"Musical Instruments","Hindi"
"912",17922,"Paid","Expert Level",1,"Musical Instruments","German"
"913",829616,"Free","Beginner Level",2,"Musical Instruments","German"
"914",132570,"Paid","All Levels",4,"Musical Instruments","Hindi"
"915",260900,"Paid","Beginner Level",3,"Musical Instruments","French"
"916",777650,"Paid","Beginner Level",2,"Musical Instruments","French"
"917",658816,"Paid","All Levels",5,"Musical Instruments","Spanish"
"918",637842,"Paid","Beginner Level",2,"Musical Instruments","French"
"919",326428,"Paid","Beginner Level",3,"Musical Instruments","English"
"920",993510,"Paid","Intermediate Level",5,"Musical Instruments","German"
"921",888698,"Paid","Intermediate Level",4,"Musical Instruments","Spanish"
"922",670376,"Free","All Levels",1,"Musical Instruments","French"
"923",1217408,"Free","All Levels",2,"Musical Instruments","English"
"924",396238,"Paid","All Levels",5,"Musical Instruments","French"
"925",1010274,"Paid","Beginner Level",2,"Musical Instruments","Hindi"
"926",1170074,"Paid","Beginner Level",3,"Musical Instruments","German"
"927",195576,"Paid","All Levels",1,"Musical Instruments","German"
"928",242382,"Paid","All Levels",1,"Musical Instruments","French"
"929",515262,"Paid","Beginner Level",1,"Musical Instruments","English"
"930",995562,"Paid","All Levels",4,"Musical Instruments","French"
"931",464844,"Paid","Beginner Level",3,"Musical Instruments","Hindi"
"932",104304,"Paid","All Levels",5,"Musical Instruments","Spanish"
"933",971962,"Paid","All Levels",1,"Musical Instruments","French"
"934",631416,"Paid","Beginner Level",4,"Musical Instruments","Spanish"
"935",801486,"Paid","Beginner Level",5,"Musical Instruments","German"
"936",917432,"Paid","All Levels",1,"Musical Instruments","German"
"937",372416,"Paid","All Levels",5,"Musical Instruments","French"
"938",1041176,"Paid","Intermediate Level",3,"Musical Instruments","French"
"939",384928,"Paid","All Levels",5,"Musical Instruments","German"
"940",710420,"Paid","All Levels",4,"Musical Instruments","Spanish"
"941",640496,"Paid","All Levels",NA,"Musical Instruments","German"
"942",902474,"Paid","Beginner Level",4,"Musical Instruments","Spanish"
"943",455054,"Paid","Intermediate Level",5,"Musical Instruments","Hindi"
"944",830568,"Paid","All Levels",5,"Musical Instruments","French"
"945",535650,"Paid","Beginner Level",1,"Musical Instruments","Spanish"
"946",101498,"Paid","Beginner Level",2,"Musical Instruments","English"
"947",648628,"Paid","Beginner Level",3,"Musical Instruments","English"
"948",112314,"Paid","All Levels",2,"Musical Instruments","French"
"949",606494,"Paid","All Levels",5,"Musical Instruments","German"
"950",660460,"Paid","Beginner Level",3,"Musical Instruments","German"
"951",1009802,"Paid","All Levels",3,"Musical Instruments","Spanish"
"952",27681,"Paid","Beginner Level",1,"Musical Instruments","German"
"953",42251,"Paid","Beginner Level",4,"Musical Instruments","Hindi"
"954",692658,"Paid","Intermediate Level",5,"Musical Instruments","French"
"955",993134,"Paid","Beginner Level",2,"Musical Instruments","German"
"956",550842,"Paid","All Levels",5,"Musical Instruments","French"
"957",902476,"Paid","Intermediate Level",2,"Musical Instruments","Hindi"
"958",920194,"Paid","Beginner Level",3,"Musical Instruments","German"
"959",174562,"Paid","Beginner Level",1,"Musical Instruments","French"
"960",997470,"Paid","Beginner Level",1,"Musical Instruments","Hindi"
"961",515260,"Paid","All Levels",5,"Musical Instruments","French"
"962",972704,"Paid","Beginner Level",4,"Musical Instruments","Hindi"
"963",40495,"Paid","Intermediate Level",3,"Musical Instruments","Hindi"
"964",1033670,"Paid","All Levels",4,"Musical Instruments","English"
"965",647336,"Paid","Beginner Level",3,"Musical Instruments","Hindi"
"966",149728,"Paid","All Levels",5,"Musical Instruments","English"
"967",1048188,"Paid","Beginner Level",5,"Musical Instruments","English"
"968",392958,"Paid","Beginner Level",2,"Musical Instruments","English"
"969",356060,"Paid","Beginner Level",1,"Musical Instruments","Hindi"
"970",829962,"Free","All Levels",2,"Musical Instruments","Spanish"
"971",413182,"Paid","Intermediate Level",2,"Musical Instruments","English"
"972",672894,"Paid","Intermediate Level",1,"Musical Instruments","French"
"973",783292,"Paid","All Levels",1,"Musical Instruments","English"
"974",837722,"Paid","All Levels",4,"Musical Instruments","Spanish"
"975",1051856,"Paid","Intermediate Level",2,"Musical Instruments","English"
"976",670640,"Paid","Intermediate Level",2,"Musical Instruments","Spanish"
"977",517366,"Paid","All Levels",4,"Musical Instruments","German"
"978",552700,"Paid","All Levels",5,"Musical Instruments","French"
"979",998100,"Paid","All Levels",1,"Musical Instruments","Hindi"
"980",1034080,"Paid","Beginner Level",2,"Musical Instruments","French"
"981",566856,"Free","Beginner Level",1,"Musical Instruments","Spanish"
"982",344234,"Paid","Intermediate Level",1,"Musical Instruments","French"
"983",787686,"Free","Beginner Level",NA,"Musical Instruments","French"
"984",1240148,"Paid","All Levels",1,"Musical Instruments","English"
"985",184780,"Paid","Beginner Level",3,"Musical Instruments","Spanish"
"986",574428,"Paid","All Levels",5,"Musical Instruments","Hindi"
"987",1120410,"Paid","All Levels",4,"Musical Instruments","Spanish"
"988",956102,"Paid","Beginner Level",4,"Musical Instruments","German"
"989",505126,"Paid","All Levels",4,"Musical Instruments","Spanish"
"990",1257976,"Free","All Levels",3,"Musical Instruments","Hindi"
"991",173776,"Paid","Beginner Level",4,"Musical Instruments","French"
"992",708696,"Paid","All Levels",2,"Musical Instruments","German"
"993",769270,"Paid","All Levels",5,"Musical Instruments","English"
"994",1253224,"Free","Beginner Level",3,"Musical Instruments","Hindi"
"995",970462,"Free","Beginner Level",5,"Musical Instruments","Hindi"
"996",403078,"Paid","Intermediate Level",5,"Musical Instruments","Spanish"
"997",338926,"Paid","All Levels",2,"Musical Instruments","Spanish"
"998",692812,"Paid","All Levels",3,"Musical Instruments","Hindi"
"999",412970,"Paid","Beginner Level",1,"Musical Instruments","German"
"1000",1116700,"Paid","All Levels",3,"Musical Instruments","Spanish"
"1001",560662,"Paid","All Levels",5,"Musical Instruments","Hindi"
"1002",663810,"Paid","All Levels",4,"Musical Instruments","French"
"1003",1000966,"Paid","Beginner Level",1,"Musical Instruments","French"
"1004",643970,"Paid","All Levels",NA,"Musical Instruments","Hindi"
"1005",793234,"Paid","All Levels",5,"Musical Instruments","Spanish"
"1006",996888,"Paid","All Levels",1,"Musical Instruments","Hindi"
"1007",552650,"Paid","Beginner Level",1,"Musical Instruments","English"
"1008",656364,"Paid","All Levels",5,"Musical Instruments","Spanish"
"1009",661814,"Paid","All Levels",5,"Musical Instruments","German"
"1010",657518,"Paid","Intermediate Level",4,"Musical Instruments","English"
"1011",26648,"Paid","All Levels",2,"Musical Instruments","Hindi"
"1012",182940,"Paid","Beginner Level",5,"Musical Instruments","English"
"1013",206332,"Paid","All Levels",5,"Musical Instruments","German"
"1014",324224,"Paid","All Levels",5,"Musical Instruments","French"
"1015",1000988,"Paid","Beginner Level",4,"Musical Instruments","Spanish"
"1016",64585,"Paid","Beginner Level",5,"Musical Instruments","German"
"1017",1254852,"Free","All Levels",2,"Musical Instruments","Hindi"
"1018",585946,"Paid","All Levels",3,"Musical Instruments","Hindi"
"1019",650836,"Paid","Beginner Level",2,"Musical Instruments","Hindi"
"1020",564446,"Paid","Intermediate Level",4,"Musical Instruments","Hindi"
"1021",342398,"Paid","Beginner Level",5,"Musical Instruments","English"
"1022",149716,"Paid","Beginner Level",3,"Musical Instruments","English"
"1023",301686,"Paid","All Levels",1,"Musical Instruments","English"
"1024",825186,"Paid","Beginner Level",1,"Musical Instruments","French"
"1025",808292,"Paid","All Levels",2,"Musical Instruments","Spanish"
"1026",365292,"Paid","Beginner Level",2,"Musical Instruments","Spanish"
"1027",1119610,"Paid","All Levels",3,"Musical Instruments","Hindi"
"1028",938260,"Paid","Beginner Level",4,"Musical Instruments","English"
"1029",783778,"Paid","All Levels",4,"Musical Instruments","Spanish"
"1030",140168,"Paid","Beginner Level",2,"Musical Instruments","French"
"1031",213532,"Paid","All Levels",2,"Musical Instruments","French"
"1032",563650,"Paid","Beginner Level",2,"Musical Instruments","Hindi"
"1033",624118,"Paid","All Levels",5,"Musical Instruments","French"
"1034",1200374,"Free","Beginner Level",2,"Musical Instruments","Spanish"
"1035",544234,"Paid","All Levels",3,"Musical Instruments","German"
"1036",333046,"Paid","All Levels",3,"Musical Instruments","English"
"1037",578750,"Paid","All Levels",4,"Musical Instruments","German"
"1038",347104,"Paid","Beginner Level",2,"Musical Instruments","Spanish"
"1039",567558,"Paid","Intermediate Level",3,"Musical Instruments","Spanish"
"1040",660690,"Paid","Beginner Level",1,"Musical Instruments","German"
"1041",1159988,"Paid","Intermediate Level",3,"Musical Instruments","German"
"1042",151027,"Paid","Beginner Level",1,"Musical Instruments","German"
"1043",1193886,"Paid","All Levels",4,"Musical Instruments","German"
"1044",375830,"Paid","All Levels",NA,"Musical Instruments","French"
"1045",1194244,"Paid","Beginner Level",1,"Musical Instruments","English"
"1046",411986,"Paid","All Levels",2,"Musical Instruments","Spanish"
"1047",925286,"Paid","Beginner Level",4,"Musical Instruments","English"
"1048",755198,"Paid","Beginner Level",3,"Musical Instruments","French"
"1049",602450,"Paid","All Levels",5,"Musical Instruments","English"
"1050",217978,"Free","Intermediate Level",2,"Musical Instruments","English"
"1051",263818,"Paid","Beginner Level",1,"Musical Instruments","French"
"1052",559438,"Paid","All Levels",2,"Musical Instruments","Hindi"
"1053",831294,"Paid","Beginner Level",4,"Musical Instruments","Hindi"
"1054",1132694,"Paid","Expert Level",2,"Musical Instruments","English"
"1055",895244,"Paid","Beginner Level",4,"Musical Instruments","Hindi"
"1056",1008054,"Paid","All Levels",3,"Musical Instruments","Hindi"
"1057",199500,"Paid","All Levels",5,"Musical Instruments","German"
"1058",589248,"Paid","All Levels",2,"Musical Instruments","English"
"1059",374566,"Paid","Beginner Level",3,"Musical Instruments","French"
"1060",561774,"Paid","All Levels",1,"Musical Instruments","English"
"1061",628798,"Paid","Beginner Level",1,"Musical Instruments","German"
"1062",271652,"Paid","Beginner Level",2,"Musical Instruments","German"
"1063",1186514,"Free","All Levels",2,"Musical Instruments","German"
"1064",897162,"Paid","All Levels",4,"Musical Instruments","Spanish"
"1065",131512,"Paid","All Levels",4,"Musical Instruments","Spanish"
"1066",371896,"Paid","All Levels",4,"Musical Instruments","French"
"1067",769518,"Paid","Beginner Level",5,"Musical Instruments","Hindi"
"1068",467408,"Paid","Beginner Level",3,"Musical Instruments","Hindi"
"1069",41890,"Paid","All Levels",1,"Musical Instruments","French"
"1070",601230,"Paid","All Levels",4,"Musical Instruments","Hindi"
"1071",475914,"Paid","Beginner Level",4,"Musical Instruments","Spanish"
"1072",446478,"Paid","Beginner Level",1,"Musical Instruments","English"
"1073",146852,"Paid","Beginner Level",3,"Musical Instruments","Hindi"
"1074",180680,"Paid","Beginner Level",3,"Musical Instruments","German"
"1075",1196538,"Free","Intermediate Level",5,"Musical Instruments","Spanish"
"1076",264396,"Paid","All Levels",1,"Musical Instruments","French"
"1077",1007396,"Paid","All Levels",5,"Musical Instruments","Spanish"
"1078",245722,"Paid","All Levels",5,"Musical Instruments","German"
"1079",519694,"Paid","All Levels",3,"Musical Instruments","Spanish"
"1080",1191088,"Free","Beginner Level",1,"Musical Instruments","English"
"1081",638204,"Paid","All Levels",4,"Musical Instruments","French"
"1082",854696,"Paid","Intermediate Level",1,"Musical Instruments","German"
"1083",32033,"Paid","Intermediate Level",5,"Musical Instruments","Spanish"
"1084",206986,"Paid","All Levels",5,"Musical Instruments","English"
"1085",55569,"Paid","All Levels",2,"Musical Instruments","French"
"1086",953442,"Paid","Intermediate Level",1,"Musical Instruments","Hindi"
"1087",71912,"Paid","Beginner Level",4,"Musical Instruments","Spanish"
"1088",470472,"Paid","Beginner Level",5,"Musical Instruments","English"
"1089",664764,"Paid","Intermediate Level",3,"Musical Instruments","Spanish"
"1090",757284,"Paid","Intermediate Level",1,"Musical Instruments","English"
"1091",100916,"Paid","Beginner Level",4,"Musical Instruments","English"
"1092",729464,"Paid","All Levels",5,"Musical Instruments","Hindi"
"1093",812914,"Paid","Intermediate Level",1,"Musical Instruments","Spanish"
"1094",185266,"Paid","Beginner Level",1,"Musical Instruments","German"
"1095",398522,"Paid","Beginner Level",2,"Musical Instruments","German"
"1096",324226,"Paid","All Levels",2,"Musical Instruments","German"
"1097",725566,"Paid","Beginner Level",2,"Musical Instruments","English"
"1098",861566,"Paid","Beginner Level",5,"Musical Instruments","Hindi"
"1099",214418,"Paid","Intermediate Level",5,"Musical Instruments","English"
"1100",147754,"Paid","Beginner Level",1,"Musical Instruments","English"
"1101",1266892,"Free","Beginner Level",3,"Musical Instruments","German"
"1102",12214,"Paid","All Levels",4,"Musical Instruments","German"
"1103",21080,"Paid","Expert Level",1,"Musical Instruments","Spanish"
"1104",336446,"Paid","Beginner Level",4,"Musical Instruments","French"
"1105",147404,"Paid","Beginner Level",2,"Musical Instruments","Hindi"
"1106",592606,"Paid","Intermediate Level",2,"Musical Instruments","Hindi"
"1107",759972,"Paid","Intermediate Level",1,"Musical Instruments","Spanish"
"1108",80844,"Paid","Intermediate Level",1,"Musical Instruments","German"
"1109",504168,"Paid","All Levels",4,"Musical Instruments","French"
"1110",441996,"Paid","Beginner Level",2,"Musical Instruments","French"
"1111",988678,"Paid","All Levels",2,"Musical Instruments","French"
"1112",103662,"Paid","Beginner Level",2,"Musical Instruments","French"
"1113",146450,"Paid","Beginner Level",1,"Musical Instruments","French"
"1114",764534,"Paid","All Levels",4,"Musical Instruments","Hindi"
"1115",277770,"Paid","All Levels",4,"Musical Instruments","Hindi"
"1116",138336,"Paid","Beginner Level",1,"Musical Instruments","Hindi"
"1117",99946,"Paid","All Levels",2,"Musical Instruments","German"
"1118",789820,"Paid","All Levels",3,"Musical Instruments","English"
"1119",344348,"Paid","All Levels",4,"Musical Instruments","Hindi"
"1120",373636,"Paid","Beginner Level",4,"Musical Instruments","English"
"1121",207440,"Paid","Beginner Level",2,"Musical Instruments","German"
"1122",214328,"Paid","Intermediate Level",3,"Musical Instruments","French"
"1123",459804,"Paid","All Levels",4,"Musical Instruments","Hindi"
"1124",1048302,"Paid","All Levels",2,"Musical Instruments","German"
"1125",184324,"Paid","Beginner Level",4,"Musical Instruments","English"
"1126",589900,"Paid","All Levels",1,"Musical Instruments","Hindi"
"1127",631444,"Paid","All Levels",NA,"Musical Instruments","Spanish"
"1128",90132,"Paid","All Levels",5,"Musical Instruments","English"
"1129",605074,"Paid","Beginner Level",5,"Musical Instruments","French"
"1130",457206,"Paid","Beginner Level",5,"Musical Instruments","Spanish"
"1131",263672,"Paid","All Levels",1,"Musical Instruments","German"
"1132",760066,"Paid","Intermediate Level",4,"Musical Instruments","German"
"1133",761584,"Paid","All Levels",4,"Musical Instruments","Hindi"
"1134",459468,"Paid","Intermediate Level",5,"Musical Instruments","Hindi"
"1135",344180,"Paid","All Levels",5,"Musical Instruments","Hindi"
"1136",665278,"Paid","Beginner Level",5,"Musical Instruments","French"
"1137",933666,"Paid","All Levels",3,"Musical Instruments","French"
"1138",42255,"Paid","All Levels",2,"Musical Instruments","German"
"1139",647276,"Paid","All Levels",4,"Musical Instruments","Spanish"
"1140",966522,"Paid","All Levels",2,"Musical Instruments","Spanish"
"1141",725906,"Paid","Beginner Level",5,"Musical Instruments","Spanish"
"1142",876396,"Paid","All Levels",4,"Musical Instruments","French"
"1143",615226,"Paid","Beginner Level",4,"Musical Instruments","German"
"1144",188498,"Paid","All Levels",2,"Musical Instruments","Hindi"
"1145",459888,"Paid","Beginner Level",4,"Musical Instruments","French"
"1146",175278,"Paid","Beginner Level",3,"Musical Instruments","French"
"1147",198692,"Paid","Intermediate Level",2,"Musical Instruments","French"
"1148",820086,"Paid","Beginner Level",2,"Musical Instruments","Spanish"
"1149",760300,"Paid","Intermediate Level",1,"Musical Instruments","French"
"1150",459207,"Paid","Beginner Level",1,"Musical Instruments","French"
"1151",459926,"Paid","All Levels",1,"Musical Instruments","German"
"1152",823494,"Paid","All Levels",3,"Musical Instruments","French"
"1153",743634,"Paid","All Levels",4,"Musical Instruments","English"
"1154",62252,"Paid","Beginner Level",3,"Musical Instruments","Hindi"
"1155",459946,"Paid","All Levels",3,"Musical Instruments","German"
"1156",139790,"Paid","All Levels",1,"Musical Instruments","German"
"1157",286898,"Paid","All Levels",2,"Musical Instruments","German"
"1158",618586,"Paid","All Levels",5,"Musical Instruments","Spanish"
"1159",331970,"Paid","Intermediate Level",1,"Musical Instruments","English"
"1160",1105904,"Paid","All Levels",1,"Musical Instruments","German"
"1161",644654,"Paid","All Levels",3,"Musical Instruments","German"
"1162",320238,"Paid","All Levels",1,"Musical Instruments","English"
"1163",373556,"Paid","Beginner Level",5,"Musical Instruments","Hindi"
"1164",184088,"Paid","All Levels",3,"Musical Instruments","Hindi"
"1165",153230,"Paid","Intermediate Level",5,"Musical Instruments","German"
"1166",630734,"Paid","All Levels",2,"Musical Instruments","English"
"1167",476000,"Paid","All Levels",1,"Musical Instruments","Spanish"
"1168",53157,"Paid","All Levels",1,"Musical Instruments","French"
"1169",869312,"Paid","Intermediate Level",1,"Musical Instruments","Hindi"
"1170",427066,"Paid","All Levels",3,"Musical Instruments","French"
"1171",759130,"Paid","All Levels",3,"Musical Instruments","Hindi"
"1172",1013558,"Paid","Intermediate Level",3,"Musical Instruments","Spanish"
"1173",1158690,"Paid","All Levels",5,"Musical Instruments","Spanish"
"1174",636858,"Paid","Beginner Level",3,"Musical Instruments","English"
"1175",646918,"Paid","All Levels",4,"Musical Instruments","English"
"1176",663710,"Paid","Intermediate Level",1,"Musical Instruments","Hindi"
"1177",632488,"Paid","All Levels",1,"Musical Instruments","German"
"1178",470482,"Paid","All Levels",3,"Musical Instruments","Hindi"
"1179",636842,"Paid","Beginner Level",5,"Musical Instruments","Hindi"
"1180",815182,"Paid","All Levels",3,"Musical Instruments","German"
"1181",13216,"Paid","All Levels",2,"Musical Instruments","Spanish"
"1182",56970,"Paid","All Levels",1,"Musical Instruments","French"
"1183",452514,"Paid","All Levels",5,"Musical Instruments","Spanish"
"1184",1108666,"Paid","Intermediate Level",2,"Musical Instruments","German"
"1185",624662,"Paid","All Levels",3,"Musical Instruments","Hindi"
"1186",761938,"Paid","All Levels",3,"Musical Instruments","French"
"1187",510098,"Paid","Beginner Level",5,"Musical Instruments","English"
"1188",188064,"Paid","Beginner Level",3,"Musical Instruments","Hindi"
"1189",266682,"Paid","All Levels",2,"Musical Instruments","German"
"1190",455676,"Paid","All Levels",3,"Musical Instruments","German"
"1191",888852,"Paid","Beginner Level",4,"Musical Instruments","Spanish"
"1192",380596,"Paid","All Levels",5,"Musical Instruments","French"
"1193",398224,"Paid","All Levels",2,"Musical Instruments","Spanish"
"1194",721274,"Paid","Expert Level",4,"Musical Instruments","French"
"1195",773016,"Paid","Beginner Level",2,"Musical Instruments","Hindi"
"1196",631480,"Paid","Intermediate Level",2,"Musical Instruments","English"
"1197",1065198,"Paid","Beginner Level",4,"Musical Instruments","English"
"1198",471328,"Paid","Beginner Level",3,"Musical Instruments","French"
"1199",763100,"Paid","Beginner Level",2,"Musical Instruments","English"
"1200",1190448,"Paid","Beginner Level",4,"Musical Instruments","Spanish"
"1201",1102436,"Paid","All Levels",3,"Musical Instruments","English"
"1202",315812,"Paid","Expert Level",5,"Musical Instruments","German"
"1203",1236562,"Paid","Beginner Level",3,"Musical Instruments","German"
"1204",1013762,"Paid","All Levels",3,"Musical Instruments","German"
"1205",139784,"Paid","All Levels",5,"Musical Instruments","Spanish"
"1206",349142,"Paid","Intermediate Level",5,"Musical Instruments","Spanish"
"1207",939668,"Paid","All Levels",NA,"Musical Instruments","Spanish"
"1208",761122,"Paid","Beginner Level",5,"Musical Instruments","German"
"1209",1182624,"Paid","Beginner Level",1,"Musical Instruments","Spanish"
"1210",810576,"Paid","All Levels",2,"Musical Instruments","French"
"1211",743674,"Paid","All Levels",1,"Musical Instruments","English"
"1212",326310,"Paid","All Levels",5,"Musical Instruments","German"
"1213",823860,"Paid","All Levels",5,"Musical Instruments","German"
"1214",149602,"Paid","Beginner Level",3,"Musical Instruments","German"
"1215",471352,"Paid","All Levels",2,"Musical Instruments","Spanish"
"1216",807494,"Paid","Expert Level",3,"Musical Instruments","German"
"1217",1037868,"Paid","All Levels",5,"Musical Instruments","French"
"1218",619856,"Paid","Intermediate Level",3,"Musical Instruments","Spanish"
"1219",893056,"Paid","Beginner Level",3,"Musical Instruments","German"
"1220",1045886,"Paid","All Levels",1,"Musical Instruments","Hindi"
"1221",932804,"Paid","Beginner Level",1,"Musical Instruments","French"
"1222",922828,"Paid","Beginner Level",2,"Musical Instruments","Spanish"
"1223",782460,"Paid","Beginner Level",5,"Musical Instruments","Hindi"
"1224",22825,"Paid","All Levels",5,"Musical Instruments","French"
"1225",743884,"Paid","Intermediate Level",5,"Musical Instruments","English"
"1226",297930,"Paid","Beginner Level",4,"Musical Instruments","English"
"1227",760698,"Paid","Beginner Level",2,"Musical Instruments","French"
"1228",1134842,"Paid","Beginner Level",3,"Musical Instruments","Hindi"
"1229",607360,"Paid","Intermediate Level",1,"Musical Instruments","German"
"1230",705890,"Paid","Beginner Level",3,"Musical Instruments","German"
"1231",586490,"Paid","Beginner Level",2,"Musical Instruments","English"
"1232",625974,"Paid","Intermediate Level",4,"Musical Instruments","Spanish"
"1233",902480,"Paid","All Levels",5,"Musical Instruments","German"
"1234",139794,"Paid","Beginner Level",3,"Musical Instruments","French"
"1235",139772,"Paid","All Levels",2,"Musical Instruments","Spanish"
"1236",846962,"Paid","Beginner Level",1,"Musical Instruments","French"
"1237",147174,"Paid","All Levels",4,"Musical Instruments","French"
"1238",888668,"Paid","Intermediate Level",NA,"Musical Instruments","Hindi"
"1239",82960,"Paid","Beginner Level",4,"Musical Instruments","Spanish"
"1240",638100,"Paid","All Levels",4,"Musical Instruments","French"
"1241",742764,"Paid","All Levels",2,"Musical Instruments","Hindi"
"1242",106358,"Paid","Beginner Level",2,"Musical Instruments","English"
"1243",644820,"Paid","Beginner Level",5,"Musical Instruments","Spanish"
"1244",201894,"Paid","Intermediate Level",2,"Musical Instruments","German"
"1245",762648,"Paid","All Levels",3,"Musical Instruments","German"
"1246",139792,"Paid","All Levels",2,"Musical Instruments","French"
"1247",1101522,"Paid","Intermediate Level",1,"Musical Instruments","German"
"1248",139778,"Paid","Beginner Level",2,"Musical Instruments","English"
"1249",782458,"Paid","Beginner Level",4,"Musical Instruments","German"
"1250",139788,"Paid","All Levels",2,"Musical Instruments","Spanish"
"1251",222062,"Paid","All Levels",2,"Musical Instruments","Hindi"
"1252",210020,"Paid","All Levels",4,"Musical Instruments","English"
"1253",597868,"Paid","Beginner Level",1,"Musical Instruments","German"
"1254",263846,"Paid","Beginner Level",5,"Musical Instruments","Spanish"
"1255",1003250,"Paid","Intermediate Level",3,"Musical Instruments","Hindi"
"1256",131562,"Paid","All Levels",2,"Musical Instruments","English"
"1257",1008098,"Paid","All Levels",3,"Musical Instruments","French"
"1258",1170198,"Paid","Expert Level",1,"Musical Instruments","Hindi"
"1259",430992,"Paid","All Levels",NA,"Musical Instruments","French"
"1260",101500,"Paid","Beginner Level",4,"Musical Instruments","Spanish"
"1261",743846,"Paid","All Levels",1,"Musical Instruments","Spanish"
"1262",444644,"Paid","All Levels",1,"Musical Instruments","French"
"1263",1232356,"Paid","Intermediate Level",3,"Musical Instruments","Spanish"
"1264",588264,"Paid","All Levels",3,"Musical Instruments","Spanish"
"1265",1223310,"Paid","Beginner Level",5,"Musical Instruments","Hindi"
"1266",592122,"Free","Expert Level",3,"Musical Instruments","Spanish"
"1267",628606,"Paid","Intermediate Level",3,"Musical Instruments","English"
"1268",814474,"Paid","All Levels",3,"Musical Instruments","French"
"1269",773144,"Paid","All Levels",2,"Musical Instruments","English"
"1270",519212,"Paid","All Levels",3,"Musical Instruments","German"
"1271",932842,"Paid","Beginner Level",2,"Musical Instruments","English"
"1272",101504,"Paid","All Levels",5,"Musical Instruments","German"
"1273",676432,"Paid","Beginner Level",2,"Musical Instruments","French"
"1274",1002272,"Paid","Beginner Level",4,"Musical Instruments","Spanish"
"1275",655958,"Paid","Beginner Level",2,"Musical Instruments","French"
"1276",663696,"Paid","All Levels",3,"Musical Instruments","German"
"1277",583224,"Paid","All Levels",3,"Musical Instruments","English"
"1278",112602,"Paid","All Levels",5,"Musical Instruments","French"
"1279",147104,"Paid","All Levels",1,"Musical Instruments","English"
"1280",445118,"Paid","Beginner Level",4,"Musical Instruments","Hindi"
"1281",742096,"Paid","Beginner Level",1,"Musical Instruments","French"
"1282",824020,"Paid","Expert Level",1,"Musical Instruments","English"
"1283",835616,"Paid","All Levels",1,"Musical Instruments","Spanish"
"1284",744034,"Paid","Beginner Level",5,"Musical Instruments","English"
"1285",132950,"Paid","Beginner Level",4,"Musical Instruments","Hindi"
"1286",892898,"Paid","All Levels",3,"Musical Instruments","French"
"1287",933818,"Paid","All Levels",4,"Musical Instruments","Hindi"
"1288",1255114,"Paid","All Levels",2,"Musical Instruments","French"
"1289",720072,"Paid","All Levels",1,"Musical Instruments","French"
"1290",1160066,"Paid","Intermediate Level",2,"Musical Instruments","German"
"1291",584468,"Paid","Beginner Level",2,"Musical Instruments","Spanish"
"1292",852426,"Paid","All Levels",4,"Musical Instruments","German"
"1293",1103526,"Paid","Intermediate Level",2,"Musical Instruments","French"
"1294",799912,"Paid","Beginner Level",3,"Musical Instruments","Spanish"
"1295",743932,"Paid","All Levels",2,"Musical Instruments","English"
"1296",813142,"Paid","Beginner Level",1,"Musical Instruments","Hindi"
"1297",899702,"Paid","All Levels",2,"Musical Instruments","Spanish"
"1298",883138,"Paid","All Levels",1,"Musical Instruments","German"
"1299",619610,"Paid","All Levels",2,"Musical Instruments","German"
"1300",200108,"Paid","All Levels",2,"Musical Instruments","French"
"1301",809968,"Paid","Beginner Level",4,"Musical Instruments","English"
"1302",762482,"Paid","Beginner Level",3,"Musical Instruments","Hindi"
"1303",856950,"Paid","Beginner Level",5,"Musical Instruments","Spanish"
"1304",1113170,"Paid","All Levels",3,"Musical Instruments","French"
"1305",151120,"Paid","All Levels",5,"Musical Instruments","English"
"1306",773174,"Paid","All Levels",4,"Musical Instruments","English"
"1307",1104494,"Paid","Beginner Level",5,"Musical Instruments","Spanish"
"1308",620372,"Paid","All Levels",2,"Musical Instruments","German"
"1309",773156,"Paid","Beginner Level",3,"Musical Instruments","German"
"1310",1042382,"Paid","Intermediate Level",5,"Musical Instruments","French"
"1311",1066002,"Paid","All Levels",5,"Musical Instruments","English"
"1312",963094,"Paid","All Levels",1,"Musical Instruments","German"
"1313",701662,"Paid","Beginner Level",3,"Musical Instruments","French"
"1314",492954,"Paid","Beginner Level",4,"Musical Instruments","English"
"1315",762240,"Paid","All Levels",1,"Musical Instruments","English"
"1316",912254,"Paid","Beginner Level",2,"Musical Instruments","French"
"1317",23683,"Paid","Beginner Level",4,"Musical Instruments","Hindi"
"1318",866528,"Paid","Beginner Level",3,"Musical Instruments","Hindi"
"1319",733922,"Paid","Beginner Level",4,"Musical Instruments","German"
"1320",1193950,"Paid","Beginner Level",1,"Musical Instruments","German"
"1321",744080,"Paid","All Levels",4,"Musical Instruments","Hindi"
"1322",1031698,"Paid","Beginner Level",2,"Musical Instruments","German"
"1323",430962,"Paid","All Levels",2,"Musical Instruments","French"
"1324",812370,"Paid","Beginner Level",2,"Musical Instruments","Spanish"
"1325",975626,"Paid","All Levels",3,"Musical Instruments","Hindi"
"1326",23861,"Paid","Beginner Level",5,"Musical Instruments","German"
"1327",482334,"Paid","Beginner Level",4,"Musical Instruments","Spanish"
"1328",854694,"Paid","Beginner Level",5,"Musical Instruments","French"
"1329",933816,"Paid","All Levels",5,"Musical Instruments","Spanish"
"1330",1036400,"Paid","Intermediate Level",4,"Musical Instruments","English"
"1331",53277,"Paid","All Levels",4,"Musical Instruments","Spanish"
"1332",1102396,"Paid","All Levels",3,"Musical Instruments","Hindi"
"1333",743970,"Paid","Intermediate Level",1,"Musical Instruments","French"
"1334",132878,"Paid","Beginner Level",3,"Musical Instruments","Spanish"
"1335",1104500,"Paid","All Levels",1,"Musical Instruments","German"
"1336",805706,"Paid","All Levels",5,"Musical Instruments","Spanish"
"1337",582390,"Paid","Beginner Level",3,"Musical Instruments","Hindi"
"1338",1207112,"Paid","Intermediate Level",1,"Musical Instruments","Hindi"
"1339",602812,"Paid","Beginner Level",5,"Musical Instruments","Hindi"
"1340",200722,"Paid","All Levels",1,"Musical Instruments","English"
"1341",635570,"Paid","Beginner Level",2,"Musical Instruments","Hindi"
"1342",228268,"Paid","All Levels",2,"Musical Instruments","English"
"1343",854692,"Paid","Beginner Level",2,"Musical Instruments","Hindi"
"1344",1046768,"Paid","All Levels",5,"Musical Instruments","English"
"1345",719920,"Paid","All Levels",5,"Musical Instruments","French"
"1346",931152,"Paid","Intermediate Level",2,"Musical Instruments","German"
"1347",994050,"Paid","All Levels",4,"Musical Instruments","German"
"1348",741172,"Paid","All Levels",5,"Musical Instruments","French"
"1349",618396,"Paid","All Levels",5,"Musical Instruments","German"
"1350",1146288,"Paid","Beginner Level",1,"Musical Instruments","French"
"1351",532572,"Paid","Beginner Level",1,"Musical Instruments","Spanish"
"1352",681390,"Paid","All Levels",3,"Musical Instruments","English"
"1353",1173716,"Paid","Beginner Level",1,"Musical Instruments","French"
"1354",854690,"Paid","All Levels",4,"Musical Instruments","French"
"1355",1048182,"Paid","Beginner Level",5,"Musical Instruments","Spanish"
"1356",618334,"Paid","Beginner Level",2,"Musical Instruments","Spanish"
"1357",961774,"Paid","All Levels",3,"Musical Instruments","German"
"1358",1141614,"Paid","All Levels",4,"Musical Instruments","Hindi"
"1359",568322,"Paid","All Levels",3,"Musical Instruments","Hindi"
"1360",217628,"Paid","All Levels",4,"Musical Instruments","German"
"1361",760452,"Paid","Beginner Level",1,"Musical Instruments","Hindi"
"1362",636846,"Paid","Beginner Level",2,"Musical Instruments","Spanish"
"1363",1104496,"Paid","Beginner Level",3,"Musical Instruments","French"
"1364",758216,"Paid","All Levels",5,"Musical Instruments","Spanish"
"1365",933812,"Paid","Beginner Level",2,"Musical Instruments","Hindi"
"1366",951608,"Paid","All Levels",4,"Musical Instruments","English"
"1367",1146368,"Paid","All Levels",3,"Musical Instruments","English"
"1368",171598,"Paid","All Levels",5,"Musical Instruments","Hindi"
"1369",767400,"Paid","Beginner Level",4,"Musical Instruments","Hindi"
"1370",1152334,"Paid","Beginner Level",1,"Musical Instruments","Spanish"
"1371",1113008,"Paid","All Levels",5,"Musical Instruments","Hindi"
"1372",486412,"Paid","All Levels",1,"Musical Instruments","English"
"1373",618370,"Paid","All Levels",5,"Musical Instruments","Hindi"
"1374",742300,"Paid","All Levels",3,"Musical Instruments","Hindi"
"1375",629704,"Paid","Beginner Level",1,"Musical Instruments","Hindi"
"1376",749616,"Paid","Beginner Level",1,"Musical Instruments","German"
"1377",845518,"Paid","Expert Level",5,"Musical Instruments","Spanish"
"1378",608436,"Paid","Beginner Level",5,"Musical Instruments","English"
"1379",218540,"Paid","Beginner Level",4,"Musical Instruments","English"
"1380",812610,"Paid","Beginner Level",4,"Musical Instruments","English"
"1381",201472,"Paid","Intermediate Level",4,"Musical Instruments","French"
"1382",741316,"Paid","All Levels",1,"Musical Instruments","Spanish"
"1383",190906,"Paid","Beginner Level",1,"Musical Instruments","Spanish"
"1384",648492,"Paid","All Levels",2,"Musical Instruments","French"
"1385",214770,"Paid","All Levels",5,"Musical Instruments","Spanish"
"1386",1036338,"Paid","Beginner Level",3,"Musical Instruments","German"
"1387",741388,"Paid","Beginner Level",2,"Musical Instruments","French"
"1388",1111562,"Paid","Beginner Level",2,"Musical Instruments","German"
"1389",839032,"Paid","All Levels",1,"Musical Instruments","Hindi"
"1390",818786,"Paid","Beginner Level",5,"Musical Instruments","English"
"1391",721202,"Paid","Beginner Level",1,"Musical Instruments","Hindi"
"1392",214828,"Paid","All Levels",4,"Musical Instruments","Hindi"
"1393",1076244,"Paid","Intermediate Level",3,"Musical Instruments","Spanish"
"1394",211052,"Paid","Beginner Level",2,"Musical Instruments","Spanish"
"1395",450246,"Paid","All Levels",5,"Musical Instruments","Spanish"
"1396",794398,"Paid","All Levels",4,"Musical Instruments","German"
"1397",269830,"Paid","All Levels",5,"Musical Instruments","Spanish"
"1398",933814,"Paid","Beginner Level",4,"Musical Instruments","German"
"1399",266004,"Paid","All Levels",3,"Musical Instruments","English"
"1400",1149202,"Paid","Beginner Level",1,"Musical Instruments","French"
"1401",269832,"Paid","Intermediate Level",5,"Musical Instruments","Spanish"
"1402",802040,"Paid","Beginner Level",2,"Musical Instruments","German"
"1403",713492,"Paid","Intermediate Level",4,"Musical Instruments","English"
"1404",1189926,"Paid","All Levels",3,"Musical Instruments","Hindi"
"1405",1025536,"Paid","All Levels",3,"Musical Instruments","German"
"1406",205764,"Paid","Beginner Level",1,"Musical Instruments","Spanish"
"1407",802038,"Paid","All Levels",5,"Musical Instruments","French"
"1408",818838,"Paid","Beginner Level",3,"Musical Instruments","French"
"1409",771880,"Paid","All Levels",2,"Musical Instruments","Hindi"
"1410",430994,"Paid","All Levels",4,"Musical Instruments","English"
"1411",1143414,"Paid","All Levels",2,"Musical Instruments","German"
"1412",196234,"Paid","All Levels",4,"Musical Instruments","English"
"1413",207408,"Paid","Beginner Level",2,"Musical Instruments","Spanish"
"1414",1193536,"Paid","Beginner Level",5,"Musical Instruments","German"
"1415",211780,"Paid","All Levels",2,"Musical Instruments","Spanish"
"1416",935900,"Paid","Beginner Level",5,"Musical Instruments","English"
"1417",1114722,"Paid","Beginner Level",4,"Musical Instruments","French"
"1418",839028,"Paid","All Levels",5,"Musical Instruments","French"
"1419",213984,"Paid","All Levels",5,"Musical Instruments","English"
"1420",214794,"Paid","All Levels",4,"Musical Instruments","German"
"1421",1040596,"Paid","All Levels",2,"Musical Instruments","French"
"1422",832514,"Paid","All Levels",1,"Musical Instruments","English"
"1423",218658,"Paid","All Levels",4,"Musical Instruments","Spanish"
"1424",212492,"Paid","Intermediate Level",2,"Musical Instruments","German"
"1425",211714,"Paid","All Levels",5,"Musical Instruments","Hindi"
"1426",217540,"Paid","All Levels",1,"Musical Instruments","German"
"1427",839030,"Paid","All Levels",2,"Musical Instruments","Hindi"
"1428",839026,"Paid","Beginner Level",4,"Musical Instruments","English"
"1429",796188,"Paid","Beginner Level",5,"Musical Instruments","Spanish"
"1430",1198302,"Paid","Beginner Level",1,"Musical Instruments","French"
"1431",1244302,"Paid","All Levels",5,"Musical Instruments","English"
"1432",1104492,"Paid","Beginner Level",2,"Musical Instruments","German"
"1433",812602,"Paid","All Levels",5,"Musical Instruments","Hindi"
"1434",647884,"Paid","All Levels",4,"Musical Instruments","French"
"1435",217320,"Paid","Beginner Level",5,"Musical Instruments","Hindi"
"1436",838896,"Paid","All Levels",2,"Musical Instruments","English"
"1437",1144288,"Paid","All Levels",5,"Musical Instruments","German"
"1438",838320,"Paid","Beginner Level",3,"Musical Instruments","English"
"1439",858064,"Paid","Intermediate Level",2,"Musical Instruments","French"
"1440",387064,"Paid","All Levels",3,"Musical Instruments","Hindi"
"1441",212520,"Paid","All Levels",4,"Musical Instruments","English"
"1442",212438,"Paid","Beginner Level",5,"Musical Instruments","French"
"1443",806640,"Paid","All Levels",1,"Musical Instruments","German"
"1444",34332,"Paid","Intermediate Level",1,"Musical Instruments","Spanish"
"1445",1223570,"Paid","All Levels",1,"Musical Instruments","French"
"1446",944550,"Paid","Intermediate Level",2,"Musical Instruments","English"
"1447",339382,"Paid","All Levels",4,"Musical Instruments","English"
"1448",219756,"Paid","Beginner Level",1,"Musical Instruments","Spanish"
"1449",218596,"Paid","Beginner Level",5,"Musical Instruments","German"
"1450",211026,"Paid","Beginner Level",2,"Musical Instruments","Hindi"
"1451",594852,"Paid","All Levels",2,"Musical Instruments","French"
"1452",1058262,"Paid","All Levels",2,"Musical Instruments","English"
"1453",552606,"Paid","All Levels",4,"Musical Instruments","Spanish"
"1454",1216752,"Paid","All Levels",5,"Musical Instruments","German"
"1455",208126,"Paid","Beginner Level",3,"Musical Instruments","German"
"1456",556076,"Paid","All Levels",3,"Musical Instruments","French"
"1457",1174974,"Paid","All Levels",3,"Musical Instruments","English"
"1458",218856,"Paid","All Levels",4,"Musical Instruments","German"
"1459",1129652,"Paid","Beginner Level",5,"Musical Instruments","German"
"1460",765056,"Paid","All Levels",3,"Musical Instruments","Spanish"
"1461",1144780,"Paid","Beginner Level",1,"Musical Instruments","Hindi"
"1462",214218,"Paid","All Levels",5,"Musical Instruments","English"
"1463",204014,"Paid","All Levels",1,"Musical Instruments","English"
"1464",917176,"Paid","All Levels",3,"Musical Instruments","Hindi"
"1465",1236576,"Paid","Intermediate Level",5,"Musical Instruments","French"
"1466",806642,"Paid","Beginner Level",2,"Musical Instruments","English"
"1467",809492,"Paid","All Levels",3,"Musical Instruments","Hindi"
"1468",212506,"Paid","Beginner Level",4,"Musical Instruments","French"
"1469",513528,"Paid","Intermediate Level",4,"Musical Instruments","German"
"1470",219844,"Paid","All Levels",2,"Musical Instruments","Hindi"
"1471",207304,"Paid","All Levels",4,"Musical Instruments","Hindi"
"1472",219878,"Paid","Beginner Level",4,"Musical Instruments","Hindi"
"1473",545036,"Paid","All Levels",4,"Musical Instruments","French"
"1474",383852,"Paid","Beginner Level",4,"Musical Instruments","English"
"1475",388712,"Paid","All Levels",5,"Musical Instruments","English"
"1476",632234,"Paid","Beginner Level",4,"Musical Instruments","Hindi"
"1477",847808,"Paid","All Levels",4,"Musical Instruments","French"
"1478",785210,"Paid","Beginner Level",2,"Musical Instruments","French"
"1479",195196,"Paid","All Levels",1,"Musical Instruments","German"
"1480",594854,"Paid","All Levels",5,"Musical Instruments","Hindi"
"1481",963664,"Paid","Beginner Level",2,"Musical Instruments","French"
"1482",1124590,"Paid","All Levels",3,"Musical Instruments","Spanish"
"1483",687742,"Paid","Beginner Level",3,"Musical Instruments","French"
"1484",1243162,"Paid","All Levels",1,"Musical Instruments","Hindi"
"1485",1195742,"Paid","Beginner Level",2,"Musical Instruments","German"
"1486",834422,"Paid","All Levels",3,"Musical Instruments","German"
"1487",448250,"Paid","Beginner Level",5,"Musical Instruments","English"
"1488",968026,"Free","All Levels",2,"Musical Instruments","Hindi"
"1489",730702,"Paid","Intermediate Level",4,"Musical Instruments","English"
"1490",724436,"Paid","Beginner Level",4,"Musical Instruments","English"
"1491",939636,"Paid","All Levels",1,"Musical Instruments","French"
"1492",974704,"Paid","All Levels",4,"Musical Instruments","English"
"1493",944804,"Paid","All Levels",1,"Musical Instruments","English"
"1494",1150468,"Paid","Beginner Level",3,"Musical Instruments","French"
"1495",1261210,"Paid","Beginner Level",4,"Musical Instruments","French"
"1496",1232728,"Paid","Beginner Level",1,"Musical Instruments","German"
"1497",1265814,"Paid","Beginner Level",3,"Musical Instruments","Hindi"
"1498",1272282,"Paid","All Levels",1,"Musical Instruments","French"
"1499",603902,"Paid","Beginner Level",3,"Musical Instruments","English"
"1500",1026760,"Paid","All Levels",2,"Musical Instruments","English"
"1501",1214670,"Paid","Beginner Level",4,"Musical Instruments","Spanish"
"1502",993892,"Paid","All Levels",3,"Musical Instruments","Spanish"
"1503",1216340,"Paid","All Levels",2,"Musical Instruments","French"
"1504",1026762,"Paid","Beginner Level",4,"Musical Instruments","Hindi"
"1505",1223240,"Paid","All Levels",4,"Musical Instruments","English"
"1506",1224186,"Paid","Beginner Level",2,"Musical Instruments","French"
"1507",1234656,"Paid","All Levels",3,"Musical Instruments","French"
